tweet_text,hashtags
 Enjoying a beautiful day at the park!              , #Nature #Park                            
 Traffic was terrible this morning.                 , #Traffic #Morning                        
 Just finished an amazing workout! 💪               , #Fitness #Workout                        
 Excited about the upcoming weekend getaway!        , #Travel #Adventure                       
 Trying out a new recipe for dinner tonight.        , #Cooking #Food                           
 Feeling grateful for the little things in life.    , #Gratitude #PositiveVibes              
 Rainy days call for cozy blankets and hot cocoa.   , #RainyDays #Cozy                         
 The new movie release is a must-watch!             , #MovieNight #MustWatch                  
 Political discussions heating up on the timeline.  , #Politics #Debate                       
 Missing summer vibes and beach days.               , #Summer #BeachDays                      
 Just published a new blog post. Check it out!      , #Blogging #NewPost                      
 Feeling a bit under the weather today.             , #SickDay #Health                        
 Exploring the city's hidden gems.                  , #CityExplore #HiddenGems                
" New year, new fitness goals! 💪                    ", #NewYear #FitnessGoals                  
 Technology is changing the way we live.            , #Tech #Innovation                       
 Reflecting on the past and looking ahead.          , #Reflection #Future                     
 Just adopted a cute furry friend! 🐾              , #PetAdoption #FurryFriend               
 Late-night gaming session with friends.            , #Gaming #LateNight                      
 Attending a virtual conference on AI.              , #AI #TechConference                     
 Winter blues got me feeling low.                   , #WinterBlues #Mood                      
 Sipping coffee and enjoying a good book.           , #Reading #CoffeeTime                    
 Exploring the world of virtual reality.            , #VR #VirtualReality                     
 Productive day ticking off my to-do list.          , #Productivity #WorkFromHome           
 Just finished a challenging workout routine.       , #Fitness #ChallengeAccepted             
 Celebrating a milestone at work! 🎉               , #Career #Milestone                      
 Sunday brunch with friends.                        , #Brunch #Friends                       
 Learning a new language for personal growth.       , #LanguageLearning #PersonalGrowth       
 Quiet evening with a good book.                    , #Reading #QuietTime                     
 Reflecting on the importance of mental health.     , #MentalHealth #SelfCare                 
 New painting in progress! 🎨                       , #Art #PaintingInProgress             
 Weekend road trip to explore scenic views.         , #RoadTrip #ScenicViews                  
 Enjoying a cup of tea and watching the sunset.     , #TeaTime #Sunset                       
 Coding a new project with enthusiasm.              , #Coding #Enthusiasm                   
 Feeling inspired after attending a workshop.       , #Inspiration #Workshop                  
 Winter sports day at the local park.               , #WinterSports #Fun                     
 Quality time with family this weekend.             , #FamilyTime #Weekend                    
 Attending a live music concert tonight.            , #Music #ConcertNight                  
 Practicing mindfulness with meditation.            , #Mindfulness #Meditation               
 Trying out a new dessert recipe.                   , #Dessert #Cooking                      
 Excited about the upcoming gaming tournament.      , #Gaming #Tournament                     
 Planning a garden makeover for spring.             , #Gardening #Spring                     
 Celebrating a friend's birthday tonight! 🎂       , #Birthday #Celebration                  
 Feeling accomplished after a productive day.       , #Accomplished #Success               
 A cozy evening with a good movie.                 , #CozyNight #MovieTime                   
 Exploring local art galleries this weekend.        , #Art #GalleryExplore                    
 New book release from my favorite author!          , #BookRelease #FavoriteAuthor           
 Attending a virtual reality meetup.                , #VRMeetup #VirtualReality               
 Reflecting on the beauty of nature.                , #Nature #Reflection                     
 Cooking a special dinner for loved ones.           , #Cooking #SpecialDinner                
 Feeling optimistic about the week ahead.           , #Optimism #NewWeek                     
 Starting a new fitness challenge tomorrow! 💪     , #FitnessChallenge #NewBeginnings       
 Sunday bike ride through scenic trails.           , #BikeRide #ScenicTrails                
 Can't believe the injustice happening in our society., #Injustice #Angry                            
 Feeling a sense of fear after watching a thriller movie. , #Fear #ThrillerMovie                         
 Heartbroken after hearing the news about a natural disaster. , #Sadness #NaturalDisaster                    
 The state of the world's environment is just disgusting. , #Disgust #Environment                        
 Pure happiness: celebrating a loved one's achievement! , #Happiness #Celebration                   
 Laughter is the best medicine—enjoying a comedy show. , #Joy #ComedyShow                             
 Sharing love and positive vibes with everyone! ❤️      , #Love #SpreadLove                            
 An amusing incident brightened up my day!               , #Amusement #FunTimes                         
 Enjoying a quiet evening with a book and some tea.      , #Enjoyment #BookTime                         
 Admiring the beauty of nature during a peaceful hike.   , #Admiration #Nature                         
 Sending affectionate vibes to all my followers!          , #Affection #PositiveVibes                   
 Experiencing awe at the breathtaking sunset.            , #Awe #Breathtaking                          
 Disappointed with the service at a local restaurant.    , #Disappointed #BadService                   
 A surprise gift from a friend made my day!              , #Surprise #Gift                              
 Finding acceptance in the midst of life's challenges.   , #Acceptance #Challenges                     
 Overflowing with adoration for my adorable pet! 🐾      , #Adoration #PetLove                         
 Anticipating a thrilling adventure in the coming weeks. , #Anticipation #Adventure                    
 A bitter experience turned into a valuable lesson.      , #BitterLesson #Growth                      
 Finding calmness in the midst of a busy day.            , #Calmness #PeacefulMind                    
 Confusion clouds my mind as I navigate through decisions., #Confusion #DecisionMaking                 
 Excitement building up for the upcoming vacation!       , #Excitement #TravelPlans                   
 Kindness witnessed today restored my faith in humanity. , #Kindness #Humanity                        
 Pride in achieving a personal milestone.               , #Pride #Milestone                           
 A moment of shame for not standing up against injustice. , #Shame #Injustice                           
 Fuming with anger after a heated argument.            , #Anger #Argument                             
 The fear of the unknown is keeping me up at night.    , #Fear #Unknown                               
 Heartfelt sadness after bidding farewell to a dear friend. , #Sadness #Farewell                          
 The state of corruption in our society is utterly disgusting. , #Disgust #Corruption                         
 Overflowing happiness: welcoming a new family member!  , #Happiness #NewFamilyMember                 
 Laughter is the key to joy—attending a stand-up comedy show. , #Joy #StandUpComedy                         
 Sending love to all my followers on this beautiful day! ❤️ , #Love #SpreadLove                            
 Amused by the antics of my pet—it's pure amusement!      , #Amusement #PetAntics                       
 Enjoying every moment of this trip—pure enjoyment!      , #Enjoyment #Travel                           
 Admiring the dedication of volunteers at a local charity. , #Admiration #Volunteers                     
 Sending affectionate vibes to friends and family.        , #Affection #FamilyLove                      
 Awe-struck by the beauty of the night sky.               , #Awe #StarryNight                        
 Disappointed with the lack of progress in a personal project. , #Disappointed #Project                     
 A surprise visit from an old friend brought tears of joy. , #Surprise #OldFriends                       
 Embracing acceptance of life's ups and downs.           , #Acceptance #LifeJourney                   
 Overflowing adoration for a cute rescue puppy! 🐶       , #Adoration #PuppyLove                       
 Anticipating the release of a much-awaited movie.       , #Anticipation #MovieRelease                 
 Bitter experience at the customer service department.   , #BitterExperience #CustomerService         
 Finding calmness amidst the chaos of daily life.        , #Calmness #InnerPeace                      
 Confusion reigns as I try to make sense of recent events., #Confusion #MakingSense                    
 Excitement building up for a surprise birthday party.   , #Excitement #SurpriseParty                 
 Witnessed an act of kindness that made my day.          , #Kindness #ActsOfKindness                  
 Pride in completing a challenging fitness challenge.    , #Pride #FitnessChallengeCompleted          
 A moment of shame for not speaking up against injustice., #Shame #Injustice                           
 Reflecting on the beauty of diversity in our world.     , #Acceptance #Diversity                      
 Excitement for a quiet evening with a good book.        , #Excitement #BookTime                       
 Feeling bitter about the unfairness in the workplace.   , #Bitter #Unfairness                         
 Calmness prevails as I practice mindfulness.            , #Calmness #Mindfulness                      
 Confusion surrounds me as I navigate through life's choices. , #Confusion #LifeChoices                     
 Excitement for a weekend road trip to explore new places. , #Excitement #WeekendAdventure               
 Kindness witnessed today restores my faith in humanity.  , #Kindness #HumanityRestored                 
 Pride in accomplishing personal and professional goals.  , #Pride #Accomplishments                     
 Shame for not being true to my values in a difficult situation., #Shame #Integrity                           
" Revisiting old memories, feeling a sense of elation. ", #Elation #Memories                             
 The victory of our team brought euphoria to the city. , #Euphoria #Victory                             
" Embracing the beauty of nature, a moment of contentment. ", #Contentment #Nature                           
" Meditating by the serene lake, finding inner peace.   ", #Serenity #Meditation                          
 Overflowing with gratitude for life's blessings.      , #Gratitude #Blessed                            
" Hopeful for a brighter tomorrow, despite challenges.  ", #Hope #Optimism                                
 Empowered to make a difference in my community.        , #Empowerment #Community                        
 Compassion in action: supporting a local charity event. , #Compassion #CharityEvent                   
" A moment of tenderness, connecting with loved ones.    ", #Tenderness #FamilyTime                       
 Arousal of excitement as I await a special announcement., #Arousal #Excitement                           
 Enthusiastically diving into a new project.            , #Enthusiasm #NewProject                       
 Feeling a sense of fulfillment after reaching a milestone., #Fulfillment #Milestone                       
 Reverence for the beauty of a historic landmark.       , #Reverence #History                           
 Elation after a surprise reunion with old friends.    , #Elation #OldFriends                          
 The euphoria of a live music concert under the stars.  , #Euphoria #LiveMusic                          
 Contentment in the simplicity of a quiet Sunday.       , #Contentment #SundayMood                      
 Serenity found in the pages of a favorite book.        , #Serenity #BookTime                           
 Gratitude for the support received during tough times. , #Gratitude #Supportive                        
 Hopeful about the possibilities of a new journey.      , #Hope #NewBeginnings                          
 Empowerment through learning and personal growth.      , #Empowerment #PersonalGrowth                  
 Compassion towards those in need during the holidays.  , #Compassion #HolidaySupport                   
 Tenderness in the warmth of a cozy winter evening.     , #Tenderness #CozyEvening                     
 Arousal of excitement for an upcoming adventure.       , #Arousal #AdventureTime                       
 Enthusiasm for a creative project in the making.       , #Enthusiasm #Creativity                       
 Fulfillment in completing a challenging workout routine., #Fulfillment #FitnessGoals                   
 Reverence for the artistry displayed in a museum.      , #Reverence #ArtAppreciation                  
 Elation after achieving a personal goal.               , #Elation #PersonalAchievement                
 Elation over discovering a hidden gem in the city.   , #Elation #HiddenGem                            
 The euphoria of a surprise birthday celebration.     , #Euphoria #BirthdaySurprise                   
 Contentment in the simplicity of a home-cooked meal. , #Contentment #HomeCooking                     
 Serenity found in the melody of a peaceful piano.    , #Serenity #PeacefulMelody                    
 Gratitude for the supportive community around me.    , #Gratitude #CommunitySupport                   
 Hopeful about the prospects of a new business venture., #Hope #BusinessVenture                        
 Empowerment through mentoring and guiding others.    , #Empowerment #Mentorship                      
 Compassion shown through acts of kindness in the community., #Compassion #CommunityKindness               
 Tenderness in a heartfelt message to a loved one.    , #Tenderness #LoveNote                         
 Arousal of excitement before a much-awaited trip.    , #Arousal #TravelAdventure                     
 Enthusiasm for a new artistic project in the works.  , #Enthusiasm #ArtisticProject                 
 Feeling a sense of fulfillment after helping others. , #Fulfillment #HelpingOthers                  
 Reverence for the historical significance of a landmark., #Reverence #HistoricalSite                   
 Elation after achieving a fitness milestone.         , #Elation #FitnessMilestone                   
 The euphoria of a successful product launch.         , #Euphoria #ProductLaunchSuccess              
 Contentment in the embrace of a loved one.           , #Contentment #Love                             
 Serenity found in the beauty of a sunset by the sea.  , #Serenity #SunsetViews                       
 Gratitude for the small joys that each day brings.   , #Gratitude #SmallJoys                        
 Hopeful about the potential for personal growth.      , #Hope #PersonalDevelopment                    
 Empowerment through learning a new skill.            , #Empowerment #SkillBuilding                   
 Compassion in volunteering for a local charity.       , #Compassion #VolunteerWork                   
 Tenderness in a quiet moment shared with a pet.      , #Tenderness #PetLove                          
 Arousal of excitement for an upcoming festival.       , #Arousal #FestivalExcitement               
 Enthusiasm for a DIY home improvement project.       , #Enthusiasm #HomeImprovement                 
 Fulfillment in completing a challenging puzzle.      , #Fulfillment #PuzzleChallenge                
 Reverence for the wonders of nature on a hiking trail., #Reverence #NatureExploration                
 Elation after a surprise reunion with a childhood friend., #Elation #FriendshipReunion                  
 Suffering from despair after another setback.      , #Despair #Struggle                              
" Overwhelmed by grief, missing a loved one dearly.  ", #Grief #Loss                                   
 Loneliness creeps in as the night grows colder.    , #Loneliness #Isolation                         
 Jealousy consumes me as I witness others' success. , #Jealousy #Envy                               
 Resentment building up over past betrayals.        , #Resentment #Bitterness                       
 Frustration mounts as obstacles block my path.     , #Frustration #Obstacles                       
" Boredom sets in, the day feels endlessly dull.     ", #Boredom #LackOfInterest                     
" Anxiety grips my heart, worry clouds my thoughts.  ", #Anxiety #Worry                               
 Intimidation by the unknown future ahead.          , #Intimidation #Fear                           
 Helplessness sinks in as challenges pile up.       , #Helplessness #Overwhelmed                    
 Envy eats away at me as I see others' prosperity.  , #Envy #Desire                                
 Regret over missed opportunities haunts my thoughts., #Regret #MissedChances                       
 Disgust at the sight of injustice and cruelty.     , #Disgust #Injustice                          
" Drowning in despair, hope slipping through my fingers.", #Despair #Hopeless                           
" Grief weighs heavy, tears a constant companion.    ", #Grief #Tears                                
" Loneliness in a crowded room, a silent cry for connection.", #Loneliness #SeekingConnection              
" Jealousy gnaws at my confidence, a toxic emotion.  ", #Jealousy #Insecurity                       
" Resentment festers, poisoning relationships.       ", #Resentment #BrokenTrust                     
" Frustration boils over, a volcanic eruption of emotions.", #Frustration #EmotionalOutburst             
" Boredom settles like dust, life feels mundane.     ", #Boredom #Monotony                          
" Anxiety grips my chest, a relentless grip on my thoughts.", #Anxiety #Restlessness                      
" Intimidation by the challenges ahead, fear takes hold.", #Intimidation #FacingFear                   
" Helplessness engulfs me, drowning in a sea of problems.", #Helplessness #Struggling                   
" Envy poisons my thoughts, coveting others' success.", #Envy #Success                              
 Regret for decisions that led to a painful present., #Regret #PastChoices                        
 Disgust at the corruption that stains society.     , #Disgust #Corruption                        
" Sinking in despair, each day darker than the last. ", #Despair #DarkDays                          
" Grief overwhelms, a storm of emotions within.      ", #Grief #EmotionalStorm                      
" Loneliness echoes in empty spaces, yearning for connection.", #Loneliness #YearningForConnection         
" Jealousy poisons my thoughts, resentment brewing within.", #Jealousy #Resentment                       
" Resentment festers, a wound that refuses to heal.  ", #Resentment #Unforgiving                    
" Frustration escalates, a thunderstorm of emotions. ", #Frustration #EmotionalOutburst            
" Boredom lingers, a stagnant pool of indifference.  ", #Boredom #Stagnation                        
" Embarking on a journey of discovery, fueled by curiosity and a thirst for knowledge. ", #Curiosity #Learning                        
" Lost in the vast sea of information, an indifferent wave in the digital ocean. ", #Indifference #DigitalOverload              
" The complex puzzle of life leaves me in a state of perpetual confusion, seeking answers in the chaos. ", #Confusion #LifePuzzle                     
" A numbness settles over me, a shield against the overwhelming emotions life throws my way. ", #Numbness #EmotionalShield                 
" Gazing at the sunset, a melancholic longing for moments that slip through the fingers of time. ", #Melancholy #SunsetMoments                 
" Revisiting old photographs, caught in the embrace of nostalgia's bittersweet symphony. ", #Nostalgia #MemoryLane                     
" Torn between conflicting emotions, an ambivalence that paints my decisions in shades of uncertainty. ", #Ambivalence #UncertainChoices             
" Embracing the ebb and flow of life, finding acceptance in the dance of existence. ", #Acceptance #LifeJourney                   
" Facing challenges head-on, a determination that fuels the fire within to achieve the impossible. ", #Determination #AchieveTheImpossible       
" Serenity found in the stillness of nature, a tranquil retreat from the chaos of the modern world. ", #Serenity #NatureRetreat                   
" Curiosity leading me down the rabbit hole of knowledge, a perpetual student in life's classroom. ", #Curiosity #KnowledgeQuest                
" Floating through the day with an air of indifference, detached from the mundane happenings around. ", #Indifference #FloatingThroughLife        
" Entangled in the web of thoughts, confusion reigning as I navigate the labyrinth of ideas. ", #Confusion #ThoughtLabyrinth              
" Numb to the chaos, emotions locked away, a stoic facade concealing the inner turmoil. ", #Numbness #StoicFacade                    
" Melancholy whispers in the breeze, a silent conversation with the echoes of forgotten dreams. ", #Melancholy #WhispersInTheBreeze         
" Stumbling upon an old journal, nostalgia flooding in waves, carrying me to moments long gone. ", #Nostalgia #JournalMoments               
" A tapestry of conflicting feelings, weaving through uncertainty, caught in the threads of ambivalence. ", #Ambivalence #ConflictingFeelings        
" Embracing the flaws, finding acceptance in imperfection, a journey towards self-love. ", #Acceptance #SelfLoveJourney              
" Determination burning like a wildfire, overcoming obstacles, turning dreams into reality. ", #Determination #DreamsIntoReality        
" Tranquil moments by the ocean, serenity washing over, a peaceful retreat within the waves' embrace. ", #Serenity #OceanRetreat                   
" Exploring new horizons with the spark of curiosity, an adventurer in the vast landscape of knowledge. ", #Curiosity #NewHorizons                  
" Drifting through the day with a nonchalant demeanor, embracing the art of indifference. ", #Indifference #DriftingThroughLife       
" Wrestling with thoughts, a perplexed mind lost in the labyrinth of life's complexities. ", #Confusion #PerplexedMind                
" Immersed in a state of emotional numbness, a shield against the storm of daily struggles. ", #Numbness #EmotionalShield               
" A melancholic symphony playing in the background, the soundtrack of a wistful heart. ", #Melancholy #WistfulHeart                
" Flipping through the pages of an old yearbook, nostalgia painting smiles and tears on my face. ", #Nostalgia #YearbookMemories            
" Torn between opposing emotions, an ambivalence that colors my decisions with shades of uncertainty. ", #Ambivalence #ShadesOfUncertainty       
" Embracing life's imperfections, finding acceptance in the journey, scars and all. ", #Acceptance #ImperfectJourney            
" A fiery determination burning within, fueled by the vision of reaching unparalleled heights. ", #Determination #UnparalleledHeights      
" Basking in the serenity of a quiet forest, where the whispers of nature bring peace to the soul. ", #Serenity #NatureWhispers                
" Indifferent to the noise of the world, a silent observer in the midst of life's cacophony. ", #Indifference #SilentObserver            
" Navigating through the labyrinth of thoughts, confusion a constant companion in the maze of ideas. ", #Confusion #ThoughtLabyrinth              
" An impenetrable numbness shields me from the emotional storms, a fortress of stoic resilience. ", #Numbness #StoicResilience               
" Melancholy painting the world in hues of nostalgia, a canvas of bittersweet memories. ", #Melancholy #BittersweetMemories         
" A journey into the past, flipping through the pages of an old diary, nostalgia taking the lead. ", #Nostalgia #DiaryJourney                 
" Ambivalence clouding decisions, caught in the crossroads of conflicting emotions. ", #Ambivalence #ConflictingEmotions        
" Embracing imperfections, finding acceptance in the mosaic of life's beautiful chaos. ", #Acceptance #BeautifulChaos              
" Determination as the driving force, propelling me forward on the path to extraordinary achievements. ", #Determination #ExtraordinaryPath        
" Seeking serenity in the melody of raindrops, a tranquil escape from the noise of everyday life. ", #Serenity #RaindropMelody                
" Curiosity driving the exploration of the unknown, a seeker of knowledge in uncharted territories. ", #Curiosity #SeekerOfKnowledge            
" Drifting through the day with an air of nonchalance, indifferent to the trivialities of life. ", #Indifference #DriftingThroughLife       
" Lost in the labyrinth of thoughts, confusion casting shadows on the quest for clarity. ", #Confusion #LabyrinthOfThoughts          
" Wrapped in the cloak of emotional numbness, a shield against the storms of life's turbulence. ", #Numbness #EmotionalStorms               
" Melancholy as a companion, painting the canvas of life with the brushstrokes of wistful yearning. ", #Melancholy #WistfulYearning             
" Leafing through the pages of an old photo album, nostalgia weaving tales of laughter and tears. ", #Nostalgia #PhotoAlbumStories            
" Ambivalence in the air, caught between the crossroads of conflicting emotions and decisions. ", #Ambivalence #CrossroadsConfusion        
" Embracing the beauty in imperfections, finding acceptance in the mosaic of life's unpredictable art. ", #Acceptance #UnpredictableArt            
" Determination ablaze, forging a path through challenges, sculpting dreams into tangible realities. ", #Determination #SculptingDreams          
" Immerse in the serenity of a moonlit night, where the quiet whispers of nature bring peace to the soul. ", #Serenity #MoonlitPeace                  
" Fueled by curiosity, venturing into uncharted realms, a fearless explorer of the mysteries of the world. ", #Curiosity #FearlessExplorer              
"Wrapped in the cloak of emotional numbness, a shield against the storms of life's turbulence. ", #Numbness #EmotionalStorms 
" Dancing through life with the exuberance of a carefree spirit, embracing joy and zest at every turn. ", #Zest #CarefreeSpirit 
" Basking in the golden glow of contentment, a serene river flowing through the landscape of the heart. ", #Contentment #GoldenGlow 
" Gazing towards the horizon with hopeful eyes, painting a canvas of dreams illuminated by the sun of optimism. ", #Hopeful #CanvasOfDreams 
" Standing tall, proud as an oak, the branches of achievement reaching towards the sky of accomplishment. ", #Proud #BranchesOfAchievement 
" A heart overflowing with gratitude, a garden where appreciation blooms in the soil of kindness and connection. ", #Grateful #BlossomingConnection 
" Extending a hand, empathetic threads weaving a tapestry of understanding, embracing the joys and sorrows of others. ", #Empathetic #TapestryOfUnderstanding 
" Compassionate clouds, heavy with care, showering empathy on the parched grounds of human suffering. ", #Compassionate #ShowerOfEmpathy 
" Playfully dancing in the rain of laughter, a whimsical spirit twirling in the puddles of joy and lightheartedness. ", #Playful #DanceInTheRain 
" Soaring on the wings of a free spirit, unburdened by the chains of conformity, painting the sky with independence. ", #FreeSpirit #PaintingTheSky 
" Bathed in the glow of inspiration, a creative phoenix rising from the ashes of ordinary thoughts to explore new realms. ", #Inspired #CreativePhoenix 
" Navigating the sea of hope, sailing towards the sunrise of possibilities, confident in the ship of positive anticipation. ", #Hopeful #SunriseOfPossibilities 
" Striding with confidence, footprints of self-assuredness imprinted on the sands of challenges conquered and victories claimed. ", #Confident #FootprintsOfAssuredness 
" Lost in the symphony of the night, a moonlit serenade that whispers tales of wanderlust and moonlit dreams. ", #Serenity #MoonlitSerenade 
" Unveiling the layers of curiosity, a labyrinth of questions leading to the treasure troves of undiscovered knowledge. ", #Curiosity #LabyrinthOfQuestions 
" In the embrace of the autumn breeze, leaves of ambivalence dancing in a waltz between choices and uncertainties. ", #Ambivalence #AutumnWaltz 
" Gratitude as a guiding star, navigating the constellation of blessings in the vast universe of life's precious moments. ", #Grateful #GuidingStar 
" With a zestful heart, sprinting through fields of enthusiasm, chasing sunbeams and laughter in the meadows of joy. ", #Zest #FieldsOfEnthusiasm 
" A compassionate rain, tears of empathy falling gently, nurturing the seeds of kindness in the garden of human connections. ", #Compassionate #TearsOfEmpathy 
" Proudly scaling the peaks of achievement, a mountaineer conquering challenges and planting the flag of success. ", #Proud #ScalingPeaks 
" Embraced by the hopeful dawn, a gardener sowing seeds of optimism, tending to the blooms of a brighter tomorrow. ", #Hopeful #SeedsOfOptimism 
" A playful escapade in the carnival of life, carousel laughter and cotton candy dreams swirling in the joyous atmosphere. ", #Playful #CarnivalEscapade 
" Floating on clouds of inspiration, an artist painting the sky with strokes of creativity, creating a masterpiece of dreams. ", #Inspired #CloudsOfCreativity 
" Navigating the river of contentment, a serene boat cruise through the tranquil waters of inner peace and acceptance. ", #Contentment #TranquilWaters 
" With empathy as a lantern, wandering through the dark alleys of sorrow, illuminating the path with compassion and care. ", #Empathetic #LanternOfCompassion 
" A free spirit soaring on the wings of dreams, leaving trails of independence in the azure sky of boundless possibilities. ", #FreeSpirit #WingsOfDreams 
" Bathed in the golden hues of gratefulness, a sunset of appreciation casting its warm glow on the landscapes of the heart. ", #Grateful #GoldenHues 
" Confident strides in the dance of life, a ballroom where self-assuredness leads, twirling through challenges with grace. ", #Confident #DanceOfLife 
" Hopeful whispers of wind, carrying the promises of a brighter tomorrow, a symphony of optimism in the air of possibilities. ", #Hopeful #BrighterTomorrows 
" Playfully juggling responsibilities, a circus performer balancing the acts of work and joy, tossing laughter into the air. ", #Playful #JugglingResponsibilities 
" Whispering tales of inspiration to the stars, a storyteller crafting constellations from the threads of imagination. ", #Inspired #TalesToTheStars 
" Charting a course through the waves of hopeful anticipation, a sailor steering towards the shores of dreams yet unexplored. ", #Hopeful #SailorOfDreams 
" A compassionate rain, tears of empathy falling gently, nurturing the seeds of kindness in the garden of human connections. ", #Compassionate #TearsOfEmpathy 
" Proudly scaling the peaks of achievement, a mountaineer conquering challenges and planting the flag of success. ", #Proud #ScalingPeaks 
" Embraced by the hopeful dawn, a gardener sowing seeds of optimism, tending to the blooms of a brighter tomorrow. ", #Hopeful #SeedsOfOptimism 
" A playful escapade in the carnival of life, carousel laughter and cotton candy dreams swirling in the joyous atmosphere. ", #Playful #CarnivalEscapade 
" Floating on clouds of inspiration, an artist painting the sky with strokes of creativity, creating a masterpiece of dreams. ", #Inspired #CloudsOfCreativity 
" Navigating the river of contentment, a serene boat cruise through the tranquil waters of inner peace and acceptance. ", #Contentment #TranquilWaters 
" With empathy as a lantern, wandering through the dark alleys of sorrow, illuminating the path with compassion and care. ", #Empathetic #LanternOfCompassion 
" A free spirit soaring on the wings of dreams, leaving trails of independence in the azure sky of boundless possibilities. ", #FreeSpirit #WingsOfDreams 
" Bathed in the golden hues of gratefulness, a sunset of appreciation casting its warm glow on the landscapes of the heart. ", #Grateful #GoldenHues 
" Confident strides in the dance of life, a ballroom where self-assuredness leads, twirling through challenges with grace. ", #Confident #DanceOfLife 
" Hopeful whispers of wind, carrying the promises of a brighter tomorrow, a symphony of optimism in the air of possibilities. ", #Hopeful #BrighterTomorrows 
" Playfully juggling responsibilities, a circus performer balancing the acts of work and joy, tossing laughter into the air. ", #Playful #JugglingResponsibilities 
" Whispering tales of inspiration to the stars, a storyteller crafting constellations from the threads of imagination. ", #Inspired #TalesToTheStars 
" Charting a course through the waves of hopeful anticipation, a sailor steering towards the shores of dreams yet unexplored. ", #Hopeful #SailorOfDreams 
" A compassionate rain, tears of empathy falling gently, nurturing the seeds of kindness in the garden of human connections. ", #Compassionate #TearsOfEmpathy 
" Proudly scaling the peaks of achievement, a mountaineer conquering challenges and planting the flag of success. ", #Proud #ScalingPeaks 
" Embraced by the hopeful dawn, a gardener sowing seeds of optimism, tending to the blooms of a brighter tomorrow. ", #Hopeful #SeedsOfOptimism 
" A playful escapade in the carnival of life, carousel laughter and cotton candy dreams swirling in the joyous atmosphere. ", #Playful #CarnivalEscapade 
" Drowning in the abyss of despair, a heart shattered into fragments, lost in the echoing silence of hopelessness. ", #Despair #EchoingSilence 
" Bitterness festering like a venomous vine, entwining the soul in a web of resentment, poisoning the garden of peace. ", #Bitterness #ResentmentWeb 
" Wandering through the desert of loneliness, each step a heavy sigh, mirages of connection shimmering but never materializing. ", #Loneliness #MiragesOfConnection 
" Yearning for a touch that's not there, echoes of a distant warmth haunting the heart in the cold embrace of solitude. ", #Yearning #DistantWarmth 
" Eyes wide open in the night, fearful shadows dancing on the walls, the mind a prisoner of imagined horrors. ", #Fearful #ImaginedHorrors 
" Apprehensive steps on the tightrope of uncertainty, a balancing act where the fall seems inevitable, anxiety a constant companion. ", #Apprehensive #BalancingAct 
" Overwhelmed by the weight of the world, Atlas with trembling shoulders, each responsibility a boulder in the landscape of exhaustion. ", #Overwhelmed #BouldersOfExhaustion 
" Jealousy, a green-eyed monster, lurking in the shadows, casting a dark cloud over the sunshine of others' success. ", #Jealous #GreenEyedMonster 
" Devastated by the storm of betrayal, the wreckage of trust scattered like debris, a heart torn by the winds of broken promises. ", #Devastated #WindsOfBrokenPromises 
" Frustrated fingers tapping on the keyboard, a symphony of annoyance composing an unsolvable puzzle of unmet expectations. ", #Frustrated #UnsolvablePuzzle 
" Envious eyes fixated on the gilded prize, a heartache fueled by the painful desire for possessions that seem forever out of reach. ", #Envious #GildedPrize 
" Dismissive glances, a fortress built with indifference, walls impenetrable to the pleas of understanding and recognition. ", #Dismissive #ImpenetrableWalls 
" Shattered dreams lie on the floor like fragments of glass, a mosaic of disappointment crafted by the hands of frustration. ", #Frustrated #MosaicOfDisappointment 
" Loneliness, a silent companion in the night, the only echo in the chamber of solitude, a heart's solitary nocturne. ", #Loneliness #SolitaryNocturne 
" Fearful whispers in the dark, the mind haunted by the specter of the unknown, shadows dancing to the rhythm of anxiety's tune. ", #Fearful #SpecterOfTheUnknown 
" Bitterness, a bitter aftertaste lingering on the tongue, each word a reminder of wounds that refuse to heal with the passing of time. ", #Bitterness #BitterAftertaste 
" Overwhelmed by the cacophony of expectations, a drowning soul in the tempest of pressure, struggling to stay afloat. ", #Overwhelmed #DrowningSoul 
" Jealousy, a venom that seeps through the veins, poisoning the heart and turning it into a breeding ground for discontent. ", #Jealous #HeartOfDiscontent 
" Devastated by the revelation of betrayal, the trust shattered like fragile glass, leaving shards of pain in its wake. ", #Devastated #ShatteredTrust 
" Frustrated attempts to mend a broken connection, the threads of understanding slipping through the fingers like grains of sand. ", #Frustrated #SlippingThreads 
" Envious gazes cast upon the podium of success, a bitter pill swallowed, the taste lingering as a constant reminder of unattained heights. ", #Envious #BitterPill 
" Dismissive gestures, a curtain drawn to shield the vulnerability, a stage where emotions take a backseat to the performance of indifference. ", #Dismissive #IndifferencePerformance 
" Despair like a heavy fog, enveloping every thought, blurring the path ahead, a journey in the labyrinth of utter hopelessness. ", #Despair #LabyrinthOfHopelessness 
" Bitterness, a bitter chill in the air, freezing moments into icicles of resentment that dangle precariously over the landscape of memory. ", #Bitterness #IciclesOfResentment 
" Loneliness, a solitary moon in a starless sky, casting a cold glow on the landscape of isolation, where echoes bounce in empty spaces. ", #Loneliness #StarlessSky 
" Yearning for the warmth of a vanished sun, a heartache painted in the hues of a sunset that never graced the horizon. ", #Yearning #HuesOfSunset 
" Fearful eyes scanning the shadows, a prisoner of the night, terrorized by the lurking monsters born from the mind's darkest corners. ", #Fearful #LurkingMonsters 
" Apprehensive whispers in the wind, a forecast of uncertainty, the mind's weather vane spinning wildly in the storm of doubt. ", #Apprehensive #StormOfDoubt 
" Overwhelmed by the maze of expectations, a minotaur of pressure lurking in the labyrinth, waiting to devour the spirit of resilience. ", #Overwhelmed #MinotaurOfPressure 
" Jealousy, a festering wound, the pain intensifying with each glance at the garden of others' achievements, blooming beyond the fence. ", #Jealous #BloomingAchievements 
" Devastated, a heart in ruins, the echoes of shattered dreams reverberating in the chambers, a requiem for what once was whole. ", #Devastated #EchoesOfShatteredDreams 
" Frustrated attempts to untangle the knot of confusion, the threads of understanding slipping further into the labyrinth of miscommunication. ", #Frustrated #LabyrinthOfMiscommunication 
" Envious eyes locked on the treasure chest of opportunities, a heartache fueled by the desire for keys that seem forever elusive. ", #Envious #DesireForKeys 
" Dismissive gestures, a curtain drawn to shield the vulnerability, a stage where emotions take a backseat to the performance of indifference. ", #Dismissive #IndifferencePerformance 
" Shattered dreams lie on the floor like fragments of glass, a mosaic of disappointment crafted by the hands of frustration. ", #Frustrated #MosaicOfDisappointment 
" Loneliness, a silent companion in the night, the only echo in the chamber of solitude, a heart's solitary nocturne. ", #Loneliness #SolitaryNocturne 
Awe-struck by the breathtaking sunrise over the mountains.      , #Awe #BreathtakingSunrise                   
Navigating through the challenges with determination.          , #Determination #Challenges                  
Nostalgia hits while flipping through an old photo album.     , #Nostalgia #OldMemories                     
Thrilled to witness the grandeur of a cultural festival.       , #Thrill #CulturalCelebration              
Calmness found in the rhythm of raindrops on the windowpane.   , #Calmness #RainyDays                        
Overwhelmed by the support received during a personal challenge., #Overwhelmed #SupportiveCommunity          
Excitement builds as the countdown to a long-awaited vacation begins. , #Excitement #VacationCountdown        
"Reflecting on life's journey, grateful for the lessons learned. ", #Gratitude #LifeLessons                    
Bittersweet emotions arise while bidding farewell to a dear friend. , #Bittersweet #Farewell                     
Curiosity sparked by exploring a mysterious ancient ruin.      , #Curiosity #AncientDiscovery          
Admiration for the intricate details of a handcrafted masterpiece. , #Admiration #HandcraftedArt               
Overjoyed by the warmth of a cozy fireplace on a winter evening.   , #Overjoyed #WinterWarmth                  
Inspiration strikes while observing the colors of a vibrant sunset., #Inspiration #ColorfulSunset             
Motivated to achieve fitness goals after an invigorating workout.  , #Motivation #FitnessGoals                 
Gratitude for the simple joys found in a cup of morning coffee.    , #Gratitude #MorningCoffee                 
Feeling empowered after conquering a challenging hiking trail.     , #Empowerment #HikingAdventure             
Amused by the antics of playful kittens during playtime.           , #Amusement #PlayfulKittens               
Contemplating life's mysteries under the starry night sky.         , #Contemplation #StarryNight               
Joyful reunion with long-lost friends after years of separation.   , #JoyfulReunion #Friendship               
Excitement builds while preparing for a surprise celebration.     , #Excitement #SurpriseCelebration         
Satisfaction derived from successfully completing a DIY project.  , #Satisfaction #DIYProject                 
Feeling blessed for the supportive community in times of need.    , #Blessed #SupportiveCommunity            
Captivated by the serenity of a tranquil garden in full bloom.     , #Serenity #TranquilGarden                
Anticipation for an upcoming adventure in an exotic destination.   , #Anticipation #AdventureAwaits           
Reflecting on personal growth achieved through life experiences.  , #Reflection #PersonalGrowth              
Nostalgic memories flood in while revisiting childhood favorites. , #Nostalgia #ChildhoodFavorites           
Appreciation for the vibrant culture experienced during travel.   , #Appreciation #CulturalExperience        
Confidence soars after overcoming public speaking anxiety.       , #Confidence #OvercomingAnxiety          
Contentment in the midst of a family gathering filled with laughter. , #Contentment #FamilyLaughter             
Enthusiasm for learning new skills and expanding knowledge.      , #Enthusiasm #SkillBuilding               
Surprise and delight at discovering a hidden gem in the city.    , #Surprise #HiddenGem                      
A sense of accomplishment after completing a challenging workout., #Accomplishment #FitnessSuccess         
Wonderment at the beauty of a double rainbow after the rain.     , #Wonderment #DoubleRainbow               
Optimism for a bright future amidst challenging times.           , #Optimism #BrightFuture                  
Pride in achieving a personal milestone in career progression.   , #Pride #CareerMilestone                  
Happiness blooms like flowers in a garden on a sunny day.        , #Happiness #SunnyDay                      
Elation over discovering a rare book in a quaint bookstore.      , #Elation #RareBookDiscovery              
Curiosity piqued by the mysteries of an ancient archaeological site., #Curiosity #AncientMysteries            
Mesmerized by the cosmic dance of fireflies on a moonlit night.    , #Enchantment #CosmicFireflies             
Intrigued by the symphony of colors in an abstract art exhibition. , #Intrigue #AbstractArt                   
Giggles and joy echo in the air during a children's playdate.      , #PlayfulJoy #ChildrensPlaydate           
Enveloped in serenity while practicing mindfulness by the lake.    , #Mindfulness #LakeTranquility            
Chasing dreams like a kite soaring high in the vast open sky.      , #DreamChaser #SkyHighDreams              
Spellbound by the elegance of a ballroom dance under crystal chandeliers. , #Elegance #BallroomDance                
Whimsical delight in a world of fairy tales and magical creatures.  , #Whimsy #MagicalWorld                    
Pensive contemplation amid the ancient ruins of a forgotten civilization. , #Pensive #AncientCivilization           
Embracing the thrill of speed on a rollercoaster's exhilarating twists. , #Thrill #RollercoasterAdventure        
Harmony resonates as musicians play a melody of unity and togetherness. , #Harmony #MusicalUnity                   
A burst of creativity in the quiet solitude of an artist's studio.  , #Creativity #ArtistsHaven               
Radiant joy akin to blooming flowers on a sun-kissed spring morning. , #Radiance #SpringBlooms                 
A sense of wonder at the vastness of the cosmos on a stargazing night. , #Wonder #StargazingAdventure            
Rejuvenated by the salty breeze and the sound of waves at the seaside. , #Rejuvenation #SeasideEscape            
Whispers of inspiration from the rustling leaves in a serene forest. , #Inspiration #ForestWhispers            
Savoring the warmth of a cup of cocoa on a chilly winter evening.   , #Coziness #WarmWinterEvening           
Heartfelt gratitude for the laughter shared during a family reunion. , #Gratitude #FamilyLaughter              
"Embarking on a culinary adventure, savoring exotic flavors around the world. ", #Adventure #CulinaryJourney             
Euphoria floods in as the final puzzle piece clicks into place.       , #Euphoria #PuzzleCompletion            
Awe-inspired by the grandeur of an ancient cathedral's intricate architecture. , #Awe #ArchitecturalGrandeur            
Captivated by the ethereal beauty of a field filled with fireflies. , #Enchantment #FireflyField              
Immersed in the enchanting melodies of a street musician's violin. , #Melodic #StreetMusic                   
Joyful laughter resonates through a lively summer carnival.         , #FestiveJoy #SummerCarnival             
Exploring the universe within during a mindful meditation session. , #InnerJourney #MeditationBliss          
Soaring like a free spirit on the winds of a coastal cliff.        , #Freedom #CoastalAdventure              
Dazzled by the elegance of a masquerade ball's dazzling costumes. , #Dazzle #MasqueradeElegance            
Whimsical delight in a world of whimsical fairy tales.             , #Whimsy #FairyTaleMagic                 
Reflective contemplation amid the ruins of a forgotten era.        , #Reflection #ForgottenEra               
Riding the adrenaline rush on a rollercoaster's wild twists.      , #Adrenaline #RollercoasterThrills      
Harmony resonates as musicians play a symphony of unity.           , #Harmony #MusicalUnity                   
A burst of artistic creativity in the quietude of an artist's studio. , #ArtisticBurst #StudioCreativity       
Radiant joy akin to blossoming flowers on a sunlit spring morning. , #Radiance #SpringBlooms                 
Awe-inspired by the vastness of the cosmos on a stargazing night.   , #Wonder #StargazingAdventure            
Rejuvenated by the salty breeze and the sound of waves at the seaside. , #Rejuvenation #SeasideEscape            
Whispers of inspiration from the rustling leaves in a serene forest. , #Inspiration #ForestWhispers            
Savoring the warmth of a cup of cocoa on a chilly winter evening.   , #Coziness #WarmWinterEvening           
Heartfelt gratitude for the laughter shared during a family reunion. , #Gratitude #FamilyLaughter              
"Embarking on a culinary odyssey, savoring flavors around the world. ", #CulinaryOdyssey #FlavorsAroundTheWorld 
Euphoria floods in as the final puzzle piece fits perfectly.       , #Euphoria #PerfectPuzzle               
Awe-struck by the grandeur of an ancient cathedral's intricate architecture. , #Awe #ArchitecturalGrandeur            
Curiosity awakened by the mysteries of an ancient archaeological site. , #Curiosity #AncientMysteries          
Giddy with excitement as the first snowflakes dance from the sky. , #Excitement #SnowfallMagic             
Contentment envelops as the aroma of freshly baked bread fills the air. , #Contentment #FreshBreadAroma          
Inspired by the resilience of a lone tree standing tall in a storm. , #Resilience #StandingTall              
"Lost in the pages of a captivating novel, transported to another world. ", #Immersion #CaptivatingNovel           
Drenched in nostalgia while flipping through an old family photo album. , #Nostalgia #FamilyPhotoAlbum           
Spark of inspiration ignites like a shooting star in the night sky. , #Spark #InspirationIgnited             
Imbued with gratitude for the simple pleasure of a warm cup of tea. , #Gratitude #WarmTea                    
Marveling at the kaleidoscope of colors in a vibrant street market. , #Marvel #ColorfulStreetMarket          
Awash with serenity as the sun sets over a tranquil lakeside retreat. , #Serenity #TranquilSunset              
Drowning in sorrow as memories of lost love resurface.            , #Heartbreak #LostLove                    
Numbness sets in as the weight of loneliness grows heavier.       , #Loneliness #HeavyHeart                  
"Tears fall like raindrops, mourning the end of a cherished friendship. ", #Grief #LostFriendship                  
"Despair clouds the mind, feeling adrift in an endless sea of darkness. ", #Despair #EndlessDarkness               
"Shattered by betrayal, trust crumbles like fragile glass.          ", #Betrayal #ShatteredTrust               
"Aching heart, the symphony of pain plays in the silence of solitude. ", #Suffering #HeartacheSymphony          
"Emotional storm, a whirlwind of sadness engulfs every thought.    ", #EmotionalStorm #SadnessWhirlwind      
"Haunted by regrets, the ghost of the past lingers relentlessly.   ", #Regret #HauntedPast                    
"Torn apart by grief, the echoes of loss reverberate through the soul. ", #Grief #TornApart                       
"Isolation deepens, an emotional winter where warmth is but a distant memory. ", #Isolation #EmotionalWinter            
"Soul-crushing disappointment, hopes shattered like fragile glass. ", #Disappointment #CrushedHopes          
"Painful echoes of a love once cherished, now lost in the abyss of time. ", #LostLove #PainfulEchoes               
"Heartache deepens, a solitary journey through the abyss of despair. ", #Despair #AbyssOfHeartache             
"Melancholy lingers, a bittersweet serenade in the quietude of solitude. ", #Melancholy #QuietSerenade             
"Bitterness like a poison, seeping into every crevice of the wounded heart. ", #Bitterness #WoundedHeart              
"Emotional exhaustion, the weight of the world crushing weary shoulders. ", #Exhaustion #CrushedSpirit             
"Sorrowful echoes, a symphony of pain played by the strings of loss. ", #Sorrow #SymphonyOfLoss                
"Darkness descends, engulfing the soul in the shadows of despair.  ", #Darkness #SoulEngulfed                 
"Desperation whispers, the silent plea for a glimmer of hope in the abyss. ", #Desperation #GlimmerOfHope            
"Heart in ruins, the remnants of shattered dreams scattered in the wind. ", #Ruins #ShatteredDreams                
"Shattered by the echoes of a shattered dream, fragments of hope scattered. ", #Desolation #ScatteredHope 
"Avoiding the thorns of regret, walking barefoot on the path of remorse. ", #Regret #PathOfRemorse 
"In the labyrinth of grief, the walls echo with the footsteps of lost joy. ", #Grief #LostJoyFootsteps 
"A soul adrift in the sea of solitude, waves of loneliness crashing relentlessly. ", #Loneliness #CrashingWaves 
"The bitterness of betrayal, a taste that lingers, staining the palate of trust. ", #Bitterness #StainedTrust 
"In the ruins of hope, echoes of shattered dreams whisper tales of loss. ", #Desolation #WhisperedLoss 
"Sinking like a stone in the ocean of heartbreak, each ripple a sigh of despair. ", #Heartbreak #RippleOfDespair 
"Tears, the ink staining the pages of a journal, a testament to silent grief. ", #Grief #SilentTears 
"In the wasteland of lost trust, the echoes of broken promises reverberate. ", #Betrayal #ReverberatingPromises 
"Avoiding the shards of shattered dreams, walking the tightrope of resilience. ", #Resilience #TightropeWalk 
"Suffocating in the silence of solitude, where echoes of laughter once thrived. ", #Isolation #SilentSolitude 
"Haunted by the specter of lost possibilities, a ghost that refuses to fade away. ", #Regret #FadingPossibilities 
"In the labyrinth of despair, the echoes of a broken heart reverberate endlessly. ", #Despair #EndlessReverberation 
"Sinking like autumn leaves in the river of sorrow, carried away by the current. ", #Sorrow #AutumnLeaves 
"In the garden of broken dreams, petals fall, a silent testimony to shattered hopes. ", #Desolation #ShatteredHopes 
"Tears, the currency of grief, spent in the marketplace of lost love and longing. ", #Grief #LostLoveLonging 
"Wandering in the maze of betrayal, the walls closing in with every wrong turn. ", #Betrayal #ClosingWalls 
"A soul weathered by the storm of heartbreak, seeking refuge in the calm after. ", #Heartbreak #CalmAfterStorm 
"In the tapestry of despair, threads of hope unravel, leaving a portrait of sorrow. ", #Despair #UnraveledHope 
"Like a withered rose in the garden of love, petals fall, a silent surrender to time. ", #Loss #SilentSurrender 
"In the void of heartache, echoes of a love song play, each note a pang of longing. ", #Heartache #LoveSongLonging 
"Nostalgia, a bittersweet dance in the moonlit ballroom of cherished memories. ", #Nostalgia #CherishedMemories 
"In the symphony of grief, each tear is a note, composing a melancholic melody. ", #Grief #MelancholicMelody 
"Betrayal, a venomous serpent slithering through the garden of trust, poisoning roots. ", #Betrayal #PoisonedTrust 
"Sinking in the quicksand of despair, the harder you fight, the deeper you descend. ", #Despair #DeepDescent 
"Wandering through the cemetery of lost dreams, tombstones marking untold sorrows. ", #Desolation #UntoldSorrows 
"Swept away by the river of regret, the currents of the past refusing to release. ", #Regret #PastCurrents 
"Whispers of lost love linger in the attic of the heart, forgotten but not erased. ", #Loss #ForgottenLove 
"In the gallery of broken promises, each shattered vow framed, a painful exhibition. ", #Betrayal #ShatteredVows 
"The echoes of solitude, a silent conversation between a soul and its shadows. ", #Solitude #ShadowConversation 
"Dancing on sunshine, each step a celebration of the joy found in simple moments. ", #Joy #SimpleMoments 
"Laughter echoes in the air, a chorus of happiness that lifts the spirit higher. ", #Happiness #SpiritLifter 
"In the garden of contentment, each bloom whispers tales of inner peace and joy. ", #Contentment #InnerPeace 
"Chasing dreams under the vibrant sky, a journey fueled by hope and enthusiasm. ", #Enthusiasm #HopefulJourney 
"Serenading the stars with a heart full of gratitude, a melody of thankfulness. ", #Gratitude #ThankfulMelody 
"Basking in the glow of accomplishment, each milestone a stepping stone to happiness. ", #Accomplishment #HappinessMilestone 
"In the dance of positivity, every step is a rhythm, uplifting the soul in harmony. ", #Positivity #SoulUpliftment 
"Overflowing with joy, a cup of laughter shared with friends, a moment cherished. ", #Joy #CherishedMoment 
"Draped in the warmth of kindness, a quilt of compassion stitched with love. ", #Kindness #LoveStitches 
"In the garden of friendships, each bloom a testament to the beauty of camaraderie. ", #Friendship #CamaraderieBlooms 
"In the embrace of love, each heartbeat is a melody, dancing to the rhythm of affection. ", #Love #RhythmOfAffection 
"Surrounded by the colors of joy, a canvas painted with laughter and endless smiles. ", #Joy #EndlessSmiles 
"In the symphony of excitement, each note is a burst of energy, igniting the soul with fervor. ", #Excitement #IgnitedSoul 
"A surprise gift, wrapped in anticipation, unfolds a moment of delight and wonder. ", #Surprise #WonderfulMoment 
"Lost in the maze of curiosity, each twist and turn unveils the treasures of discovery. ", #Curiosity #TreasuresOfDiscovery 
"Floating on clouds of gratitude, each raindrop a blessing, a shower of thankfulness. ", #Gratitude #ShowerOfThankfulness 
"Like a comet of inspiration, streaking through the sky of creativity, leaving trails of brilliance. ", #Inspiration #BrilliantTrails 
"In the celebration of success, fireworks of accomplishment light up the night sky of triumph. ", #Success #NightSkyTriumph 
"A symphony of laughter, each note a key to unlocking the door of boundless happiness. ", #Happiness #BoundlessLaughter 
"In the carnival of emotions, the rollercoaster of thrill sends the heart on a wild ride. ", #Thrill #WildHeartRide 
"Standing before the grandeur of the Eiffel Tower, a moment to reflect on the beauty of Parisian dreams. ", #Reflection #ParisianDreams 
"Lost in the enchantment of Disneyland, each ride a journey into the realm of childhood fantasies. ", #Enchantment #ChildhoodFantasies 
"Exploring the wonders of Ferrari World, the roar of engines creating a symphony of speed. ", #Excitement #SymphonyOfSpeed 
"Amidst the tulip fields of Keukenhof, a tapestry of colors that paints the soul with springtime joy. ", #Joy #SpringtimeColors 
"Wandering through the historical streets of Kyoto, each step a journey into the heart of Japan's traditions. ", #Exploration #JapaneseTraditions 
"In the embrace of the Grand Canyon, nature's masterpiece, a moment to marvel at Earth's grandeur. ", #Awe #EarthsGrandeur 
"Journeying through the serenity of Santorini, where each sunset paints the sky with hues of tranquility. ", #Serenity #SunsetHues 
"Amazed by the architectural marvels of Petra, each stone telling tales of an ancient civilization. ", #Amazement #AncientTales 
"Embarking on a gondola ride in Venice, each canal reflecting the romance of this timeless city. ", #Romance #TimelessCity 
"At the summit of Machu Picchu, a breathtaking panorama that whispers the secrets of ancient civilizations. ", #Awe #AncientCivilizations 
"In the heart of New York City, Times Square dazzles with lights, a vibrant spectacle of urban energy. ", #Excitement #UrbanEnergy 
"Captivated by the historical charm of the Colosseum, each stone echoing tales of gladiator valor. ", #Captivation #GladiatorTales 
"Sailing the azure waters of the Maldives, each wave a whisper of serenity in paradise. ", #Serenity #ParadiseWhispers 
"In the midst of the Amazon rainforest, a symphony of wildlife creates an orchestra of nature's wonders. ", #Wonder #NatureOrchestra 
"Walking the Great Wall of China, each step a testament to ancient engineering marvels. ", #Awe #EngineeringMarvels 
"At the summit of Mount Fuji, a breathtaking sunrise that paints the sky with hues of accomplishment. ", #Accomplishment #SunriseHues 
"Exploring the ancient ruins of Angkor Wat, each stone whispering stories of Khmer civilization. ", #Exploration #KhmerStories 
"Skiing down the slopes of the Swiss Alps, each turn a dance with the majesty of snow-capped peaks. ", #Adventure #SnowPeakDance 
"In the tranquility of Kyoto's bamboo forest, whispers of ancient Zen wisdom echo through the groves. ", #Tranquility #ZenWisdom 
"Cruising the fjords of Norway, each icy landscape a breathtaking masterpiece of nature's grandeur. ", #Grandeur #IcyMasterpiece 
"At the front row of Adele's concert, each note of 'Someone Like You' resonates with soul-stirring emotion. ", #Emotion #AdeleConcert 
"Dancing under the stars at Beyoncé's live show, feeling the power of 'Single Ladies' in every move. ", #Energy #BeyonceConcert 
"In the crowd of a Taylor Swift concert, the lyrics of 'Love Story' create an enchanting fairy tale. ", #Enchantment #TaylorSwift 
"Rocking out to the guitar solos at a Queen tribute concert, a journey back in time with Freddie's spirit. ", #Nostalgia #QueenTribute 
"Swaying to Ed Sheeran's acoustic melodies, a serene evening filled with 'Perfect' moments. ", #Serenity #EdSheeranConcert 
"Immersed in the pulsating beats of a Bruno Mars concert, where 'Uptown Funk' becomes a city of joy. ", #Joy #BrunoMars 
"At a Michael Jackson tribute show, moonwalking through the hits, a celebration of the King of Pop. ", #Celebration #MJTribute 
"Swinging to the rhythms of a Frank Sinatra tribute, feeling the timeless charm of 'Fly Me to the Moon'. ", #Charm #SinatraTribute 
"In the mosh pit of a Metallica concert, the thunderous chords create a symphony of headbanging ecstasy. ", #Ecstasy #MetallicaConcert 
"Experiencing the magic of a Coldplay concert, where 'Fix You' becomes a beacon of hope in the night. ", #Hope #ColdplayMagic 
"At a Justin Bieber concert, the infectious beats of 'Baby' create a dance floor of unbridled enthusiasm. ", #Enthusiasm #JustinBieber 
"In the spotlight at a Lady Gaga show, each costume change is a metamorphosis of creativity and artistry. ", #Creativity #LadyGaga 
"Immersed in the soulful melodies of Adele, tears flow freely, moved by the emotion of 'Hello'. ", #Emotion #AdeleMelodies 
"Drenched in confetti at a Katy Perry concert, a kaleidoscope of colors igniting the night sky. ", #Colorful #KatyPerry 
"In the audience of a Jay-Z performance, the lyrics of 'Empire State of Mind' become an anthem of pride. ", #Pride #JayZAnthem 
"Dancing to Shakira's rhythmic beats, hips swaying to the hypnotic charm of 'Hips Don't Lie'. ", #Hypnotic #ShakiraRhythms 
"At a U2 concert, the anthemic chords of 'With or Without You' create a timeless moment of connection. ", #Connection #U2Anthem 
"Rocking out at a Guns N' Roses show, the iconic riffs of 'Sweet Child o' Mine' echoing in the night. ", #Iconic #GNRConcert 
"In the crowd of an Ariana Grande concert, the high notes of 'Into You' create a euphoric symphony. ", #Euphoria #ArianaGrande 
"Swaying to the reggae vibes of Bob Marley's tribute concert, each chord a journey to Jamaica's soul. ", #Journey #BobMarleyTribute 
"Captivated by the spellbinding plot twists, the audience applauds, experiencing a rollercoaster of emotions at the movie premiere. ", #Excitement #MoviePremiereThrills 
"As the credits roll, a profound sense of nostalgia washes over, reminiscent of cherished moments in classic films. ", #Nostalgia #ClassicFilmMoments 
"Streaming the latest web series, the viewer is engrossed in the characters' journey, feeling a sense of connection and empathy. ", #Engagement #WebSeriesJourney 
"At the film festival, the indie filmmaker's creation receives a standing ovation, evoking pride and a sense of accomplishment. ", #Pride #IndieFilmSuccess 
"Watching a heartwarming family drama, tears flow freely as the characters overcome challenges, leaving the viewer with a warm glow. ", #Touched #FamilyDramaMoments 
"At the Oscars, the actor graciously accepts an award, radiating joy and gratitude for the recognition of their outstanding performance. ", #Gratitude #OscarWinningMoment 
"Discovering a hidden gem in the world of documentaries, the viewer is enlightened and inspired, feeling a renewed sense of curiosity. ", #Inspiration #HiddenGemDiscovery 
"As the movie credits roll, the viewer experiences a mix of awe and contemplation, pondering the deeper meanings woven into the storyline. ", #Contemplation #DeepMeanings 
"Binge-watching a thrilling crime series, the suspense keeps the viewer on the edge of their seat, creating a rush of adrenaline. ", #Suspense #CrimeSeriesThrills 
"As the closing scene unfolds, a sense of satisfaction washes over, completing the cinematic journey with a profound and fulfilling ending. ", #Satisfaction #FulfillingEnding 
"Celebrating a historic victory in the World Cup, the nation erupts in joy, united by the triumph of their football team. ", #Joy #WorldCupTriumph 
"At the Olympics, the athlete's perseverance shines through, earning a gold medal and inspiring a generation with their remarkable achievement. ", #Inspiration #OlympicAchievement 
"In the cricket championship, a nail-biting finish leaves fans on the edge of their seats, experiencing a rollercoaster of emotions. ", #Excitement #CricketChampionship 
"Witnessing a record-breaking marathon, spectators are filled with awe and admiration for the endurance and dedication of the runners. ", #Admiration #MarathonRecords 
"In the tennis grand slam, a fierce rivalry unfolds, captivating fans with a display of skill and sportsmanship on the world stage. ", #Captivation #TennisRivalry 
"Cheering for the underdog in the basketball finals, the crowd erupts in applause as the team defies odds to claim the championship title. ", #Triumph #BasketballFinals 
"At the golf tournament, the golfer's precision and focus lead to a stunning victory, leaving spectators in awe of their exceptional skill. ", #Awe #GolfVictory 
"Experiencing the thrill of a high-speed Formula 1 race, fans are on the edge of their seats as drivers compete for the championship. ", #Thrill #Formula1Championship 
"In the cycling world championship, the climber conquers challenging terrains, symbolizing determination and achievement against all odds. ", #Determination #CyclingChampion 
"Witnessing a heartwarming comeback in the hockey finals, fans share tears of joy as the team secures a historic victory after adversity. ", #Heartwarming #HockeyFinalsComeback 
"After a series of defeats, the soccer team faces disappointment, struggling to find the silver lining in a challenging season. ", #Disappointment #SoccerDefeats 
"In the tennis tournament, a highly anticipated player experiences a setback, leaving fans in shock and questioning the unforeseen turn of events. ", #Frustration #TennisSetback 
"Facing a defeat in the championship, the boxer reflects on the challenges, vowing to return stronger and more determined in the next bout. ", #Reflection #BoxingDefeat 
"In the midst of a cycling race, a tire blowout leads to frustration for the cyclist, who valiantly tries to overcome the unexpected obstacle. ", #Obstacle #CyclingFrustration 
"The gymnast's unexpected fall during a routine sparks a wave of sympathy from the audience, highlighting the vulnerability of sports. ", #Sympathy #GymnasticsFall 
"In the golf tournament, a missed crucial putt results in defeat, causing the golfer to reflect on the pressure of high-stakes competition. ", #Pressure #GolfDefeat 
"Experiencing a series of losses in the basketball season, the team grapples with frustration, determined to turn the tide with renewed effort. ", #RenewedEffort #BasketballStruggles 
"Despite meticulous training, the swimmer faces disappointment as a split-second miscalculation costs them the lead in a crucial race. ", #Miscalculation #SwimmingDisappointment 
"The weightlifter's failed attempt at a personal record results in frustration, highlighting the challenging nature of pushing physical limits. ", #Challenge #WeightliftingFailure 
"In the midst of a soccer match, an unexpected own goal creates a moment of despair for the player, as teammates console and encourage them. ", #Despair #OwnGoal 
"In the serene beauty of a sunset, nature unfolds a canvas of colors, evoking a sense of tranquility and wonder. ", #Tranquility #SunsetBeauty 
"Embarking on a spontaneous road trip, the traveler discovers hidden gems, creating memories that will be cherished for a lifetime. ", #Adventure #RoadTripMemories 
"Amidst the bustling city, a quiet café becomes a sanctuary for reflection, where a cup of coffee brings solace to the wandering mind. ", #Solace #CafeReflection 
"Exploring the vibrant street art of a cultural neighborhood, each mural tells a story, infusing the city with creativity and expression. ", #Creativity #StreetArtVibes 
"In the world of science, a breakthrough discovery unfolds, pushing the boundaries of knowledge and opening new frontiers of exploration. ", #Breakthrough #ScientificDiscovery 
"Connecting with the melody of a live orchestra, the music enthusiast experiences a symphony that resonates deep within the soul. ", #Harmony #OrchestraMelody 
"Embracing the aroma of freshly baked bread, the home chef finds joy in the art of baking, creating delicious memories for loved ones. ", #JoyInBaking #HomemadeDelights 
"Wandering through a historical museum, the history enthusiast becomes immersed in the tales of the past, envisioning bygone eras. ", #EnvisioningHistory #MuseumTales 
"In the realm of literature, a captivating novel transports the reader to distant lands, weaving a tapestry of imagination and escape. ", #Imagination #LiteraryEscape 
"Capturing the essence of a bustling market, the photographer freezes moments in time, each frame telling a unique and vibrant story. ", #Vibrancy #MarketStories 
"Underneath the city lights, the dancer expresses emotions through graceful movements, creating a mesmerizing performance under the night sky. ", #Mesmerizing #NightDancePerformance 
"In the heart of a bustling market, the street food connoisseur indulges in a culinary adventure, savoring diverse flavors and aromas. ", #CulinaryAdventure #StreetFoodDelights 
"As the first snowflake descends, the winter enthusiast eagerly prepares for a season of frosty delights, anticipating the magic of snow-covered landscapes. ", #WinterMagic #SnowyLandscapes 
"Amidst the pages of a captivating mystery novel, the reader unravels clues and secrets, experiencing a thrilling journey of suspense and revelation. ", #ThrillingJourney #MysteryNovel 
"Surrounded by the vibrant colors of a flower garden, the gardener nurtures blossoms, finding joy in the beauty of nature's ever-changing canvas. ", #NaturesBeauty #FloralJoy 
"At the astronomy observatory, the stargazer marvels at the vastness of the cosmos, contemplating the mysteries hidden within the celestial expanse. ", #CelestialWonder #Stargazing 
"Engulfed in the aroma of freshly brewed coffee, the writer finds inspiration in every sip, embarking on a journey of creativity and prose. ", #CreativeInspiration #CoffeeJourney 
"In the realm of fashion, the designer unveils a collection that tells a story, blending innovation and tradition on the runway of creativity. ", #RunwayCreativity #FashionInnovation 
"As the waves crash against the shore, the surfer embraces the thrill of riding the ocean's energy, capturing the essence of freedom in each wave. ", #OceansFreedom #SurfingThrills 
"Exploring the historical architecture of an ancient city, the traveler is transported to a bygone era, where each monument whispers tales of the past. ", #WhispersOfThePast #HistoricalTour 
Successfully avoided eye contact with my crush in the hallway. Mission accomplished. #TeenCrush #StealthMode , #CrushStruggles #AvoidingEyeContact 
Ran out of snacks during a movie marathon. Crisis level: Emergency! #MovieNightStruggles #TeenProblems , #SnackCrisis #TeenLife 
Spent an hour choosing the perfect filter for a selfie. The struggle for that Instagram aesthetic is real. #SelfieQueen #TeenVibes , #SelfieStruggle #TeenConfessions 
Lost my headphones again. How do they vanish into thin air? #HeadphoneMystery #TeenLife , #TeenProblems #LostHeadphones 
Decided to study for exams but ended up making memes about studying instead. Procrastination level: Expert. #ProcrastinationNation #TeenConfessions , #StudyingMemes #TeenLife 
"Got dressed for the day, then remembered it's Saturday. Oops. #WeekendVibes #TeenStruggles ", #WeekendOops #TeenFashion 
Survived a group project without any drama. Miracles do happen. #GroupProjectSuccess #TeenAchievements , #TeenSuccess #ProjectMiracle 
"Entered the kitchen with the intention to cook. Left with a bag of chips. Cooking is overrated, anyway. #MasterChefInTraining #TeenHumor ", #TeenChef #CookingFail 
"Staring at the clock in class, waiting for the bell to ring like it's the most exciting event of the day. #ClassCountdown #TeenLife ", #ClassEvent #TeenExcitement 
"Discovered a new book series and spent the whole night reading. Who needs sleep, anyway? #BookwormLife #LateNightReading ", #BookDiscoveries #TeenReading 
"Bought a new video game, played for hours, forgot to eat. The ultimate gaming session. #GamerLife #NoFoodGaming ", #GameOn #TeenGamer 
Spent the day binge-watching a new series. Productivity level: Zero. #LazyDay #TVSeriesMarathon , #BingeWatchDay #TeenLife 
Caught up on the latest fashion trends and now planning a shopping spree. #Fashionista #TrendyTeen , #FashionGoals #TeenStyle 
Decided to learn a new instrument. Day one: Still trying to figure out how to hold it. #MusicNovice #LearningJourney , #InstrumentLearning #TeenMusic 
Spent hours creating the perfect playlist for every mood. Music is my therapy. #PlaylistMaker #TeenMusicLover , #MusicTherapy #TeenPlaylist 
Successfully cooked a gourmet meal for the family. Chef skills unlocked! #ChefMode #TeenChef , #CookingSuccess #TeenCook 
Spontaneously booked a weekend getaway. Adventure awaits! #TravelBug #WeekendEscape , #GetawayGoals #TeenTravel 
Attended a concert and danced the night away. Music is the heartbeat of life. #ConcertVibes #DanceAllNight , #MusicMagic #TeenConcert 
Rediscovered childhood cartoons and had a nostalgia-filled marathon. #CartoonNostalgia #TeenMemories , #ChildhoodMemories #TeenCartoons 
Embarked on a DIY home decor project. Let's hope it turns out better than last time. #DIYAdventure #TeenHomeDecor , #DIYGoals #TeenCreative 
"Spent the afternoon at a museum, pretending to be cultured. Art enthusiast in the making. #MuseumDay #TeenArtLover ", #CulturalDay #TeenCuriosity 
Started a blog about random thoughts and musings. Blogging is the new diary. #BloggerLife #TeenBlogger , #BloggingJourney #TeenThoughts 
Relishing a peaceful afternoon with a classic novel. Quiet moments are the best moments. #BookLover #PeacefulAfternoon , #QuietMoments #BookishEscape 
"Reflecting on a lifetime of memories, each wrinkle tells a story. Embracing the beauty of aging. #LifeReflections #BeautyInAging ", #AgingGracefully #Memories 
Exploring the world of digital art. It's never too late to discover new passions. #DigitalArtistry #LateBloomer , #ArtDiscovery #SeniorArtist 
Savoring the flavors of a home-cooked meal. Simple joys are the heart of happiness. #HomeCooking #SimpleJoys , #HappinessInFood #SeniorLife 
Embarking on a journey of learning a new language. The mind stays young with every new word. #LanguageLearning #NeverTooLate , #MindEnrichment #SeniorLearning 
"Attended a classical music concert, feeling the timeless melodies resonate. Music transcends generations. #ClassicalMusic #TimelessMelodies ", #MusicLover #SeniorConcert 
Capturing the beauty of nature through photography. Every snapshot is a treasure. #NaturePhotography #SeniorPhotographer , #NatureCapture #SeniorMoments 
"Reconnecting with old friends over a cup of tea. Friendship, the true essence of companionship. #OldFriends #Companionship ", #FriendshipGoals #SeniorBonding 
"Embarked on a road trip to revisit cherished places from the past. Nostalgia, the ultimate travel companion. #RoadTrip #NostalgiaTour ", #CherishedPlaces #SeniorTravel 
"Joined a community choir, harmonizing with fellow voices. Music creates bonds that withstand time. #CommunityChoir #HarmonyInAging ", #MusicHarmony #SeniorVoices 
"Exploring the art of meditation, finding tranquility in the stillness of the mind. #MeditationJourney #TranquilMind ", #MindfulLiving #SeniorCalm 
"Taking a stroll in the garden, appreciating the beauty of blooming flowers. Nature's wonders never cease. #GardenWalk #FloralBeauty ", #NatureWonders #SeniorGarden 
"Sipping on a favorite vintage wine, each sip telling a story of the years gone by. Cheers to a life well-lived. #WineLover #VintageCheers ", #LifeWellLived #SeniorWine 
"Participated in a community art class, unleashing creativity in the golden years. Art has no age limit. #ArtClass #SeniorArtistry ", #CreativityAtAnyAge #SeniorCreativity 
"Embarking on a journey of writing a memoir, documenting a lifetime of experiences. Every story matters. #MemoirWriting #SeniorStories ", #LifetimeExperiences #SeniorMemoir 
"Attended a lecture on history, always fascinated by the lessons from the past. Learning is a lifelong adventure. #HistoryLecture #SeniorLearning ", #LifetimeAdventure #SeniorCuriosity 
"Rediscovered the joy of cooking traditional family recipes. The kitchen, a place of cherished memories. #FamilyRecipes #SeniorCooking ", #KitchenMemories #SeniorCulinary 
"Joined a nature photography club, capturing the beauty of the great outdoors. Every click is a connection to nature. #NaturePhotography #SeniorPhotographer ", #OutdoorBeauty #SeniorClicks 
"Attended a jazz concert and swayed to the rhythm of timeless tunes. Music, a constant companion in the golden years. #JazzConcert #SeniorMusic ", #TimelessTunes #SeniorJazz 
"Joined a writing group, penning down thoughts and reflections. Writing, a journey into the depths of the soul. #WritingGroup #SeniorWriter ", #SoulfulWriting #SeniorReflections 
"Embarked on a solo travel adventure, discovering the beauty of new places at my own pace. #SoloTravel #SeniorExplorer ", #DiscoverNewPlaces #SeniorTravel 
"Attended a vintage car show, reminiscing about the classics that once ruled the roads. Nostalgia in every rev. #VintageCars #ClassicRides ", #RoadTripDownMemoryLane #SeniorCars 
"Started a community garden, growing not just plants but friendships too. Green thumbs unite! #CommunityGarden #SeniorGardener ", #GardenFriends #SeniorGreenThumb 
"Hosted a family dinner, where laughter echoed louder than the clinking of utensils. Family, the heart of happiness. #FamilyDinner #SeniorHost ", #HeartwarmingMoments #SeniorFamily 
"Enrolled in a dance class for seniors, moving to the rhythm of life. Age is just a number on the dance floor. #DanceClass #SeniorDancer ", #DanceLife #SeniorMoves 
"Visited an art gallery, appreciating the brushstrokes that tell tales of creativity. Art, an eternal companion. #ArtGallery #SeniorArtLover ", #CreativeExpressions #SeniorArt 
"Started a book club for seniors, where discussions are as lively as the characters in the novels. #BookClub #SeniorReaders ", #BookishTalks #SeniorBookworms 
"Hosted a picnic in the park, basking in the warmth of friendship and sunshine. Simple joys, timeless memories. #ParkPicnic #SeniorJoy ", #FriendshipSunshine #SeniorMemories 
"Participated in a local theater production, proving that the stage belongs to every age. #TheaterProduction #SeniorActor ", #StagePassion #SeniorTheater 
"Embarked on a hiking adventure, conquering trails and relishing the beauty of nature. Age is just a number on the mountaintop. #HikingAdventure #SeniorHiker ", #NatureTrailBlazer #SeniorExplorer 
Hosted a photography exhibition featuring snapshots of a life well-lived. Every photo has a story to tell. #PhotographyExhibition #SeniorPhotographer , #LifeInPictures #SeniorExhibition 
"Joined a seniors' cycling club, feeling the wind in my hair and the freedom of the open road. #CyclingClub #SeniorCyclist ", #OpenRoadAdventures #SeniorCycling 
"Attended a wine tasting event, savoring the richness of flavors that age like fine wine. Cheers to the golden years! #WineTasting #SeniorWineLover ", #AgedToPerfection #SeniorCheers 
"Started learning ballroom dancing, gliding gracefully across the dance floor. Ageless elegance in every step. #BallroomDancing #SeniorDancer ", #GracefulMoves #SeniorDance 
"Organized a community painting event, turning blank canvases into a masterpiece of shared creativity. #PaintingEvent #SeniorArtist ", #CommunityArt #SeniorCreativity 
"Hosted a 'memory lane' evening with old friends, reminiscing about the adventures that shaped our lives. #MemoryLane #SeniorReminiscing ", #FriendshipAdventures #SeniorNostalgia 
"Joined a seniors' astronomy club, stargazing and finding wonder in the vastness of the cosmos. #AstronomyClub #SeniorStargazer ", #CelestialWonders #SeniorAstronomy 
"Attended a local jazz festival, tapping toes to the tunes that have stood the test of time. Music, a lifelong love affair. #JazzFestival #SeniorMusicLover ", #TimelessTunes #SeniorJazz 
"Started a blog sharing the wisdom gained through the years, proving that every day is a chance to learn and grow. #SeniorWisdom #Blog ", #LifeLessons #SeniorBlog 
"Participated in a charity run, proving that age is no barrier to supporting meaningful causes. #CharityRun #SeniorRunner ", #RunForACause #SeniorSupport 
"Survived a challenging physics exam. Equations, you won't defeat me! ", #PhysicsSurvivor #HighSchoolAdventures 
Exploring the world of coding. Debugging is an adventure on its own! #CodingJourney #HighSchoolCoder , #CodingAdventure #HighSchoolCoderLife 
"Joined the school debate team. Words are my weapons, and I'm ready for battle! ", #DebateWarrior #HighSchoolDebater 
"Started a photography club at school. Capturing moments, one snapshot at a time! ", #PhotographyClub #HighSchoolPhotographer 
"Daydreaming about the upcoming prom. The dress, the dance – it's a fairytale in the making! ", #PromDreams #HighSchoolFairytale 
Convinced the teacher to have class outdoors. Learning equations with a side of fresh air! , #OutdoorClassroom #HighSchoolExplorer 
"Accidentally spilled paint in art class. Abstract art, right? #ArtClassAdventures #HighSchoolArtist ", #ArtisticMishaps #HighSchoolArt 
Trying to master the perfect kickflip on my skateboard. Skating into the weekend like a pro! , #SkaterLife #HighSchoolSkater 
Bonding with friends over the latest K-pop sensation. Fangirling at its finest! , #KpopFangirl #HighSchoolMusic 
Spent hours perfecting a chemistry experiment. Mixing potions like a wizard! , #ChemistryWizard #HighSchoolScientist 
Successfully organized a surprise birthday party for a friend. Party planning expert mode: Achieved! , #BirthdayParty #HighSchoolCelebration 
"Joined the drama club to unleash my inner actor. Lights, camera, action! ", #DramaClubStar #HighSchoolActor 
Got my hands on the latest fantasy novel. Diving into realms of magic and adventure! , #FantasyBookNerd #HighSchoolReader 
Mastering the art of the perfect doodle during boring classes. Doodles: A+! , #DoodleMaster #HighSchoolArt 
Attempting to break the school record for the longest handstand. Wish me luck! , #HandstandChallenge #HighSchoolAthlete 
Sneaking snacks into class like a pro. The art of snack-smuggling is a sacred skill! , #SnackSmuggler #HighSchoolSnacks 
Hosting a sleepover with friends this weekend. Preparing for a night of laughter and memories! , #SleepoverFun #HighSchoolMemories 
"Spent hours on a TikTok dance, only to realize I have two left feet. Dance fail: Unleashed! ", #DanceFail #HighSchoolTikTok 
Accidentally liked my crush's old photo while stalking their profile. Awkward level: Maximum! , #SocialMediaBlunder #HighSchoolAwkward 
Tried to impress my crush with a smooth conversation. Ended up spilling my drink. Smooth level: Nonexistent! , #CrushFail #HighSchoolEmbarrassment 
Mastered the art of creating paper airplanes during lecture. Paper planes: Soaring to new heights! , #PaperPlaneExpert #HighSchoolArt 
Trying to set a new trend by juggling textbooks between classes. Academic juggling: A unique skill! , #TextbookJuggling #HighSchoolSkills 
Hiding a snack stash in my backpack for emergency cravings. Snack ninja mode: Activated! , #SnackNinja #HighSchoolSnacks 
Planning a surprise scavenger hunt for friends. Anticipating the thrill and excitement! , #SurpriseAdventure #HighSchoolFun 
Danced in the rain to celebrate the end of exams. Rain dance: Unexpectedly refreshing! , #RainDance #HighSchoolJoy 
Accidentally sent a text meant for a friend to the class group chat. Texting fail: Oops moment! , #TextingFail #HighSchoolAwkward 
Tried a magic trick to impress classmates. Magic fail: Where did that rabbit go? , #MagicFail #HighSchoolMagic 
Perfecting the art of creating origami during a dull lecture. Origami mastery: A+! , #OrigamiMaster #HighSchoolArt 
Attempting to set a new record for the most consecutive hacky sack kicks. Hacky sack skills: Unleashed! , #HackySackChallenge #HighSchoolAthlete 
Creating a secret handshake with friends. Friendship level: Expert! , #FriendshipGoals #HighSchoolMemories 
Embarking on a mission to find the best burger joint in town. Burger connoisseur: Reporting for duty! , #BurgerQuest #HighSchoolFoodie 
Practicing a stand-up comedy routine for the upcoming talent show. Comedy gig: In the making! , #StandUpComedy #HighSchoolTalent 
Accidentally sent a love letter to the wrong person. Love note fail: Maximum embarrassment! , #LoveLetterFail #HighSchoolAwkward 
Attempting to impress the teacher with an elaborate science experiment. Science geek mode: Activated! , #ScienceGeek #HighSchoolExperiments 
Crafting intricate friendship bracelets for the whole squad. Friendship level: Expert weaver! , #FriendshipBracelets #HighSchoolCrafts 
Attempting to beat the record for the most consecutive cartwheels. Cartwheel challenge: Underway! , #CartwheelChallenge #HighSchoolAthlete 
Organizing a movie marathon with friends. Popcorn and cinematic adventures await! , #MovieNight #HighSchoolMemories 
Experimenting with a new hair color. A bold change for a bold semester! , #HairExperiment #HighSchoolStyle 
Building a time capsule to capture memories for the future. Time-traveling emotions! , #TimeCapsule #HighSchoolNostalgia 
Accidentally walked into the wrong classroom on the first day. Classroom mix-up: Awkward start! , #FirstDayOops #HighSchoolEmbarrassment 
Trying out a new smoothie recipe for a healthy start to the week. Smoothie enthusiast: Level up! , #HealthyLiving #HighSchoolWellness 
Reflecting on the challenges of the school year. Feeling a bit overwhelmed with assignments. , #SchoolChallenges #HighSchoolStruggles 
Encountered some mean-spirited comments online. Dealing with online hate is never easy. , #OnlineHate #HighSchoolReality 
Had a bad day at school. Everything seems to be going wrong. , #BadDay #HighSchoolBlues 
Feeling down after not making the sports team. Disappointment lingers. , #Disappointment #HighSchoolSports 
Witnessed a heated argument in the cafeteria. Unpleasant atmosphere at lunch. , #CafeteriaDrama #HighSchoolTension 
Received a not-so-great grade on a major project. Academic frustration setting in. , #AcademicFrustration #HighSchoolStress 
Dealing with a personal setback. Sometimes life throws unexpected challenges. , #LifeChallenges #HighSchoolStruggles 
Feeling lonely on a Saturday night. Sometimes solitude hits harder than expected. , #LonelyNights #HighSchoolEmotions 
Experiencing cyberbullying. Hateful messages online are disheartening. , #StopCyberbullying #HighSchoolReality 
Caught in a torrential rainstorm without an umbrella. Today's weather is just bad luck. , #BadLuck #HighSchoolWeather 
Missing an important event due to unforeseen circumstances. A day filled with sadness. , #MissedChances #HighSchoolRegret 
Dealing with unfounded rumors circulating about personal life. Rumors can be hurtful. , #RumorMills #HighSchoolDrama 
Got a flat tire on the way to an important meeting. Talk about a series of bad events! , #BadLuckDay #HighSchoolStruggles 
Feeling a sense of emptiness after a close friend moves away. Farewells are always sad. , #SayingGoodbye #HighSchoolEmotions 
Facing rejection from a dream college. Disheartened but determined to explore other paths. , #CollegeDreams #HighSchoolJourney 
Encountering online toxicity during a gaming session. Hateful comments can ruin the fun. , #OnlineGaming #HighSchoolGamer 
Having a bad hair day and feeling self-conscious. Bad hair days can affect confidence. , #BadHairDay #HighSchoolConfidence 
Feeling a sense of despair after a major project failure. Hard work didn't pay off this time. , #ProjectStruggles #HighSchoolHardships 
Experiencing hate comments for expressing personal opinions. Online negativity prevails. , #OnlineOpinions #HighSchoolCriticism 
Having a string of bad luck with constant technology malfunctions. Tech troubles galore! , #TechIssues #HighSchoolTech 
Missing out on a long-anticipated event due to unexpected circumstances. A day filled with sadness. , #MissedMoments #HighSchoolRegret 
Trying out a new study technique for upcoming exams. Exploring different learning strategies. , #StudyStrategies #HighSchoolExams 
Organizing a community cleanup event for a cleaner neighborhood. Promoting environmental awareness. , #EnvironmentalEfforts #HighSchoolCommunity 
Sharing favorite book recommendations with classmates. Building a mini book club. , #BookClub #HighSchoolReads 
Experimenting with a new recipe for a school bake sale. Baking adventures in the kitchen. , #BakingAdventures #HighSchoolBakes 
Collaborating on a school project with peers. Teamwork makes the dream work. , #Teamwork #HighSchoolProjects 
Attending a school club meeting to explore new interests. Dabbling in extracurricular activities. , #SchoolClubs #HighSchoolInterests 
Exploring a new part-time job opportunity for gaining work experience. Career development in progress. , #CareerDevelopment #HighSchoolJobs 
Attending a school assembly to stay informed about upcoming events and announcements. Staying connected with school activities. , #SchoolEvents #HighSchoolConnectivity 
Exploring a new hobby of photography during free time. Capturing moments through a lens. , #PhotographyJourney #HighSchoolHobbies 
Participating in a science fair to showcase a unique experiment. Sharing knowledge with peers. , #ScienceFair #HighSchoolScience 
Attending a workshop on time management to enhance organizational skills. Striving for efficiency. , #EfficiencyGoals #HighSchoolSkills 
Volunteering at a local charity event to give back to the community. Contributing to social causes. , #CommunityService #HighSchoolVolunteer 
Collaborating on a group project to promote teamwork and shared responsibilities. Group effort in action. , #TeamSpirit #HighSchoolProjects 
Participating in a debate club to enhance critical thinking and communication skills. Intellectual engagement in progress. , #DebateSkills #HighSchoolIntellect 
Celebrating a friend's birthday with a surprise party. Joyful moments and laughter all around! , #SurpriseParty #HighSchoolCelebration 
Successfully completing a challenging coding project. Excitement for overcoming coding hurdles! , #CodingTriumph #HighSchoolTech 
Attending a school talent show to support classmates. Applauding the diverse talents on display! , #TalentShow #HighSchoolEntertainment 
"Exploring a new hiking trail with friends over the weekend. Nature, laughter, and good vibes! ", #NatureAdventures #HighSchoolFriends 
Winning a friendly sports competition against rival schools. Victory celebrations in full swing! , #SportsTriumph #HighSchoolAthletics 
Receiving a heartfelt letter from a pen pal in another country. Connecting across the globe! , #GlobalFriendship #HighSchoolCorrespondence 
Creating a beautiful mural with fellow art enthusiasts. The power of collaboration and creativity! , #ArtCollaboration #HighSchoolCreativity 
Participating in a school-wide art exhibition. Witnessing creativity and spreading positive vibes! , #ArtisticExpression #HighSchoolCreativity 
Achieving a personal best in a track and field competition. The thrill of victory and self-improvement! , #AthleticAchievement #HighSchoolSports 
Collaborating on a science project that received recognition at a regional fair. Science triumphs and smiles! , #ScienceFairWinner #HighSchoolScience 
"Attending a surprise birthday party organized by friends. Surrounded by love, laughter, and good company! ", #SurpriseCelebration #HighSchoolFriendship 
Successfully fundraising for a school charity initiative. The joy of giving back to the community! , #CommunityGiving #HighSchoolPhilanthropy 
"Participating in a multicultural festival, celebrating diversity with music, dance, and delicious food! ", #CulturalCelebration #HighSchoolUnity 
"Organizing a virtual talent show during challenging times, bringing smiles to classmates' faces! ", #VirtualEntertainment #HighSchoolPositivity 
tweet_text,hashtags
Enjoying a beautiful day at the park!,#Nature #Park
Traffic was terrible this morning.,#Traffic #Morning
Just finished an amazing workout! 💪,#Fitness #Workout
Excited about the upcoming weekend getaway!,#Travel #Adventure
Trying out a new recipe for dinner tonight.,#Cooking #Food
The new movie release is a must-watch!,#MovieNight #MustWatch
Missing summer vibes and beach days.,#Summer #BeachDays
Feeling a bit under the weather today.,#SickDay #Health
Technology is changing the way we live.,#Tech #Innovation
Winter blues got me feeling low.,#WinterBlues #Mood
Coding a new project with enthusiasm.,#Coding #Enthusiasm
Attending a live music concert tonight.,#Music #ConcertNight
Trying out a new dessert recipe.,#Dessert #Cooking
Love learning Python it is so versatile.,#Python #Coding #Tech
Machine learning models are fascinating.,#AI #MachineLearning #DataScience
Artificial Intelligence will change the world.,#AI #Future #Tech
Just deployed my first web app using Flask.,#Flask #Python #WebDev
Debugging code all night long.,#Coding #DeveloperLife #BugFix
The robot revolution is here.,#Robotics #AI #Tech
Data science is the sexiest job of the 21st century.,#DataScience #BigData #Analytics
Neural networks are mimicking the human brain.,#DeepLearning #AI #Science
Virtual reality is the future of gaming.,#VR #Gaming #Tech
Cybersecurity is more important than ever.,#CyberSecurity #Hacking #Tech
My laptop battery is dead again.,#TechIssues #Computer #Hardware
Upgrading my RAM for better performance.,#PCBuild #Tech #Gaming
Eating a delicious burger at the new spot.,#Foodie #Burger #Yummy
Pizza night is the best night.,#Pizza #Food #Dinner
Healthy salad for lunch today.,#HealthyEating #Food #Diet
Sushi cravings are real right now.,#Sushi #JapaneseFood #Foodie
Baking cookies for the family.,#Baking #SweetTreats #Cookies
Backpacking through Europe next summer.,#Travel #Europe #Wanderlust
Relaxing by the pool in Bali.,#Bali #Travel #Vacation
Hiking the mountains was exhausting but worth it.,#Hiking #Nature #Travel
The Eiffel Tower looks magical at night.,#Paris #Travel #France
Road trip to the coast with friends.,#RoadTrip #Travel #Adventure
Running a marathon next month.,#Running #Fitness #Marathon
Yoga helps me relax after work.,#Yoga #Mindfulness #Wellness
Hitting the gym to lift some heavy weights.,#Gym #Bodybuilding #Fitness
Mental health is just as important as physical health.,#MentalHealth #SelfCare #Wellness
Feeling lonely and sad today.,#Sad #Depression #Mood
So happy and grateful for my friends.,#Happy #Gratitude #Blessed
Anxiety is hitting hard right now.,#Anxiety #MentalHealth #Stress
Overwhelmed with so much work to do.,#Stress #WorkLife #Busy
Excited to start my new job tomorrow!,#NewJob #Career #Excitement
Proud of my achievements this year.,#Proud #Success #Motivation
Heartbroken after the bad news.,#Heartbreak #Sadness #Grief
Rainy days make me want to stay in bed.,#Rain #Cozy #Mood
Coffee is the fuel for my day.,#Coffee #Morning #Caffeine
Reading a mystery novel by the fire.,#Reading #Books #Cozy
Celebrating my birthday with loved ones.,#Birthday #Party #Celebration
Just adopted a cute puppy!,#Puppy #DogLover #Pets
The cat knocked over my plant again.,#Cats #PetLife #Funny
Watching the sunset on the beach.,#Sunset #Nature #Beautiful
Exploring the city streets at night.,#CityLife #Urban #Explore
Learning a new language is difficult but rewarding.,#LanguageLearning #Education #Growth
Stock market crashed today.,#Finance #Stocks #Money
Saving money for a new house.,#Savings #Finance #Goals
Climate change is a serious issue.,#ClimateChange #Environment #Earth
Recycling plastic to save the planet.,#Recycling #EcoFriendly #Green
Political debates are getting heated.,#Politics #News #Debate
The football match was intense!,#Football #Sports #Soccer
Winning the championship felt amazing.,#Victory #Sports #Champion
Playing basketball with the guys.,#Basketball #Sports #Fun
Listening to jazz music while working.,#Jazz #Music #Relaxing
Rock music gives me energy.,#RocknRoll #Music #Vibes
Pop music is my guilty pleasure.,#PopMusic #Hits #Songs
Trying to fix a bug in my Python script.,#Python #Coding #Programming
Building a computer vision project.,#CV #AI #Tech
Natural Language Processing is cool.,#NLP #AI #Linguistics
Automating tasks with Python scripts.,#Automation #Python #Productivity
React.js is my favorite frontend library.,#React #JavaScript #WebDev
HTML and CSS are the building blocks of the web.,#HTML #CSS #WebDesign
Cloud computing makes scaling easy.,#Cloud #AWS #Tech
Blockchain technology is revolutionizing finance.,#Crypto #Blockchain #Tech
Bitcoin is hitting new highs.,#Bitcoin #Crypto #Finance
Enjoying a beautiful day at the park!,#Nature #Park
Traffic was terrible this morning.,#Traffic #Morning
Just finished an amazing workout! 💪,#Fitness #Workout
Excited about the upcoming weekend getaway!,#Travel #Adventure
Trying out a new recipe for dinner tonight.,#Cooking #Food
Feeling grateful for the little things in life.,#Gratitude #PositiveVibes
Rainy days call for cozy blankets and hot cocoa.,#RainyDays #Cozy
The new movie release is a must-watch!,#MovieNight #MustWatch
Political discussions heating up on the timeline.,#Politics #Debate
Missing summer vibes and beach days.,#Summer #BeachDays
Just published a new blog post. Check it out!,#Blogging #NewPost
Feeling a bit under the weather today.,#SickDay #Health
Exploring the city's hidden gems.,#CityExplore #HiddenGems
New year, new fitness goals! 💪,#NewYear #FitnessGoals
Technology is changing the way we live.,#Tech #Innovation
Reflecting on the past and looking ahead.,#Reflection #Future
Just adopted a cute furry friend! 🐾,#PetAdoption #FurryFriend
Late-night gaming session with friends.,#Gaming #LateNight
Attending a virtual conference on AI.,#AI #TechConference
Winter blues got me feeling low.,#WinterBlues #Mood
Sipping coffee and enjoying a good book.,#Reading #CoffeeTime
Exploring the world of virtual reality.,#VR #VirtualReality
Productive day ticking off my to-do list.,#Productivity #WorkFromHome
Just finished a challenging workout routine.,#Fitness #ChallengeAccepted
Celebrating a milestone at work! 🎉,#Career #Milestone
Sunday brunch with friends.,#Brunch #Friends
Learning a new language for personal growth.,#LanguageLearning #PersonalGrowth
Quiet evening with a good book.,#Reading #QuietTime
Reflecting on the importance of mental health.,#MentalHealth #SelfCare
New painting in progress! 🎨,#Art #PaintingInProgress
Weekend road trip to explore scenic views.,#RoadTrip #ScenicViews
Enjoying a cup of tea and watching the sunset.,#TeaTime #Sunset
Coding a new project with enthusiasm.,#Coding #Enthusiasm
Feeling inspired after attending a workshop.,#Inspiration #Workshop
Winter sports day at the local park.,#WinterSports #Fun
Quality time with family this weekend.,#FamilyTime #Weekend
Attending a live music concert tonight.,#Music #ConcertNight
Practicing mindfulness with meditation.,#Mindfulness #Meditation
Trying out a new dessert recipe.,#Dessert #Cooking
Excited about the upcoming gaming tournament.,#Gaming #Tournament
Planning a garden makeover for spring.,#Gardening #Spring
Celebrating a friend's birthday tonight! 🎂,#Birthday #Celebration
Feeling accomplished after a productive day.,#Accomplished #Success
A cozy evening with a good movie.,#CozyNight #MovieTime
Exploring local art galleries this weekend.,#Art #GalleryExplore
New book release from my favorite author!,#BookRelease #FavoriteAuthor
Attending a virtual reality meetup.,#VRMeetup #VirtualReality
Reflecting on the beauty of nature.,#Nature #Reflection
Cooking a special dinner for loved ones.,#Cooking #SpecialDinner
Feeling optimistic about the week ahead.,#Optimism #NewWeek